stabilizer/name,stabilizer/url,stabilizer/price,stabilizer/description
Everglide Transparent Gold Plated Pcb screw-in Stabilizer for Custom Mechanical Keyboard,https://kprepublic.com/collections/stabilizer/products/everglide-transparent-gold-plated-pcb-screw-in-stabilizer-for-custom-mechanical-keyboard,$6.90,"Designed for MX-compatible PCBs Stainless steel wire is made of alloy material, with gold plated tech, it has higher hardness and oxidation resistance. Stabilizer is made of polymer materials which can bring better light transmission and hardness.4\Made with high precision mould which can effectively reduce noise when typing5\Screw and screw nuts are gold plated which has a better oxidation resistance"
Everglide Black Transparent Gold Plated Pcb screw-in Stabilizers,https://kprepublic.com/collections/stabilizer/products/everglide-black-transparent-gold-plated-pcb-screw-in-stabilizers,$6.90,"Designed for MX-compatible PCBsStainless steel wire is made of alloy material, with gold plated tech, it has higher hardness and oxidation resistance.Stabilizer is made of polymer Materials which can bring better light transmission and hardness.Made with high precision mold which can effectively reduce noise when typingScrew and screw nuts are gold plated which has a better oxidation resistance"
Everglide Panda Black White Gold Plated Plate Mounted Stabilizer Custom Mechanical Keyboard Plate YC66 Zeeyoo 68 YC96 Womier,https://kprepublic.com/collections/stabilizer/products/everglide-panda-black-white-gold-plated-plate-mounted-stabilizer-custom-mechanical-keyboard-plate-yc66-zeeyoo-68-yc96-womier,$4.90,"Designed for MX-compatible Plate Stainless steel wire is made of alloy material, with gold plated tech, it has higher hardness and oxidation resistance. Stabilizer is made of polymer Materials which can bring better light transmission and hardness.4\Made with high precision mold which can effectively reduce noise when typing"
Black cherry original PCB Stabilizers for Custom Mechanical Keyboard gh60 xd64 xd60 xd84 eepw84 tada68 zz96 6.25x 2x 7x rs96 87,https://kprepublic.com/collections/stabilizer/products/black-cherry-original-pcb-stabilizers-for-custom-mechanical-keyboard-gh60-xd64-xd60-xd84-eepw84-tada68-zz96-6-25x-2x-7x-rs96-87,$14.90,
Everglide Pink Transparent Gold Plated Pcb screw in Stabilizer,https://kprepublic.com/collections/stabilizer/products/everglide-pink-transparent-gold-plated-pcb-screw-in-stabilizer,$6.90,"Designed for MX-compatible PCBsStainless steel wire is made of alloy material, with gold plated tech, it has higher hardness and oxidation resistance.The stabilizer is made of polymer materials which can bring better light transmission and hardness.Made with high precision mould which can effectively reduce noise when typingScrew and screw nuts are gold plated which has a better oxidation resistance"
Transparent/Black PCB/Plate Stabilizers for Custom Mechanical Keyboard gh60 xd64 xd60 xd84 eepw84 tada68 zz96 6.25x 2x 7x,https://kprepublic.com/collections/stabilizer/products/transparent-black-pcb-plate-stabilizers-for-custom-mechanical-keyboard-gh60-xd64-xd60-xd84-eepw84-tada68-zz96-6-25x-2x-7x,$13.60,
Everglide V2 Transparent Gold Plated Pcb screw in Stabilizer for Custom Mechanical Keyboard gh60 xd64 xd84 6.25x 2x xd96 xd87,https://kprepublic.com/collections/stabilizer/products/everglide-v2-transparent-gold-plated-pcb-screw-in-stabilizer-for-custom-mechanical-keyboard-gh60-xd64-xd84-6-25x-2x-xd96-xd87,$23.90,EverglideDesigned for MX-compatible PCBsUpdated housings for improved pop-out resistanceGold-plated wiresPolymer stabilizersPre-clipped
GK64X 60% Aluminum glass fiber Plate with plate-mounted stabilizerfor,https://kprepublic.com/collections/stabilizer/products/60-aluminum-glass-fiber-plate-with-plate-mounted-stabilizerfor-gk64-gk64s-xd64-xd60,$14.30,Glass Fiber Plate only:)Mount P with Stab=Plate+Plate Mount Stabilizer(2x *4+6.25x*1ï¼‰
KPrepublic PCB Stabilizer stickers poron film pad reduce steel wire noise and wobble for pcb screw in stabilizer gasket,https://kprepublic.com/collections/stabilizer/products/kprepublic-pcb-stabilizer-stickers-poron-film-pad-reduce-steel-wire-noise-and-wobble-for-pcb-screw-in-stabilizer-gasket,$7.90,for stab house 0.2mmfor stab stem A 0.2mmfor stab stem B 0.3mmfor wire B 0.8mmfor stab stem inner 0.15mmfor screw 1mm
GKs Gold coated Pcb screw in Stabilizer pink blue mechanical keyboard,https://kprepublic.com/collections/stabilizer/products/gks-gold-coated-pcb-screw-in-stabilizer-pink-blue-mechanical-keyboard,$7.90,
GKs Transparent Gold Plated PCB screw in Stabilizer Custom Mechanical Keyboard,https://kprepublic.com/collections/stabilizer/products/gks-transparent-gold-plated-pcb-screw-in-stabilizer-custom-mechanical-keyboard,$5.90,Brand: GKsDesigned for MX-compatible PCBsGold-plated wiresPolymer stabilizers
EGS Gold Transparent Plated Pcb screw in Stabilizer for Custom Mechanical Keyboard xd64 BM60 xd87 blue Yellow Red Cyan Purple,https://kprepublic.com/collections/stabilizer/products/egs-gold-transparent-plated-pcb-screw-in-stabilizer-for-custom-mechanical-keyboard-xd64-bm60-xd87-blue-yellow-red-cyan-purple,$15.40,"Designed for MX-compatible PCBsStainless steel wire is made of alloy material, with gold plated tech, it has higher hardness and oxidation resistance.The stabilizer is made of polymer materials which can bring better light transmission and hardness.Made with high precision mould which can effectively reduce noise when typingScrew and screw nuts are gold plated which has a better oxidation resistance"
GKs Plate Mounted Stabilizer for Custom Mechanical Keyboard YC66 Zeeyoo 68 YC96 Womier XS87 holy panda colorway yellow red,https://kprepublic.com/collections/stabilizer/products/gks-plate-mounted-stabilizer-for-custom-mechanical-keyboard-yc66-zeeyoo-68-yc96-womier-xs87-holy-panda-colorway-yellow-red,$6.90,Designed for MX-compatible Plate Stainless steel wire is made of alloy material. Stabilizer is made of polymer Materials which can bring better light transmission and hardness.4\Made with high precision mould which can effectively reduce noise when typing
Gateron Black White Plated Plate Mounted Stabilizer for Custom Mechanical Keyboard Plate YC66 Zeeyoo 68 YC96 Womier INKC87 60 87,https://kprepublic.com/collections/stabilizer/products/gateron-black-white-plated-plate-mounted-stabilizer-for-custom-mechanical-keyboard-plate-yc66-zeeyoo-68-yc96-womier-inkc87-60-87,$11.90,Designed for MX-compatible PlateStainless steel wire is made of alloy material.The stabilizer is made of polymer materials which can bring better light transmission and hardness.Made with high precision mould which can effectively reduce noise when typingLubed Edition
Sadan Plate Mounted Stabilizer for Custom Mechanical Keyboard YC66 Zeeyoo 68 YC96 Womier XS87 holy panda colorway yellow red,https://kprepublic.com/collections/stabilizer/products/sadan-plate-mounted-stabilizer-for-custom-mechanical-keyboard-yc66-zeeyoo-68-yc96-womier-xs87-holy-panda-colorway-yellow-red,$6.90,POM stem and coverGold plated Stainless steel wirePlate mounted stabilizers
